2,169A,,no,67º42'25'',54º56'08'',,,Alta,Indet.,n.r.,n.r.
3,169B,,no,68º12'38'',54º55'09'',8,,Alta,Indet.,n.r.,n.r.
4,170C,,no,68º12'57'',54º55'06'',7,,Alta,Indet.,n.r.,n.r.
5,171 Bahía Honda,,no,68º13'01'',54º55'07'',10 a 15,,Alta,Indet.,n.r.,n.r.
6,172B,San Román y Morello 2000,no,68º13'01'',54º55'06'',,,Alta,Indet.,n.r.,n.r.
7,390,,no,68º13'09'',54º55'12'',,,Alta,Indet.,n.r.,n.r.
8,Canal Maule 1,,sí,68º09'19'',54º54'07'',12,,Media,Suave,3,7
9,296,,no,73°45'28'',53°29'57'',,,Alta,Indet.,n.r.,n.r.
10,52,Legoupil et al. 1991,no,67º46'30'',54º55'28'',20,,Alta,Indet.,n.r.,n.r.
11,138,Legoupil et al. 1991,no,67º21'41'',54º55'42'',,,Alta,Indet.,n.r.,n.r.
12, Bayly 1,Legoupil et al. 1991,si,67º50'00'',54º54'35'',n.r.,,Bosque,Indet.,Campamento,100
13, Bayly 2,Legoupil et al. 1991,no,,,2 a 4,,Indet.,Mediana,10,15
14, Bertrand 1A y B,Legoupil et al. 1991,si,67°35'52'',55°36'14'',67°58'22'',,Pradera Baja,Indet.,Campamento,80
15, Grévy 1,Legoupil et al. 1991,no,,,2 a 7,,Indet.,Marcada,25,35
16, Grévy 2,Legoupil et al. 1991,no,67°38'02'',55°30'37'',2 a 5,,Indet.,Mediana,10,10
17, Grévy 3,Legoupil et al. 1991,no,67°36'44'',55°31'51'',1 a 4,,Indet.,Suave,8,18
18, Grévy 4,Legoupil et al. 1991,no,67°38'21'',55°35'27'',3 a 5,,Indet.,Suave,8,5
19, Grévy 5,Legoupil et al. 1991,no,67°37'44'',55°35'19'',3 a 4,,Indet.,Plano,3,3
20, Herschel 1,Legoupil et al. 1991,no,67°36'41'',55°35'03'',1 a 3,,Indet.,Mediana,15,10
21, Herschel 2,Legoupil et al. 1991,no,67°15'31'',55°50'27'',2 a 3,,Indet.,Suave,5,10
22, Herschel 3,,no,67°15'34'',55°50'34'',1 a 3,,Indet.,Mediana,10,6
23, Herschel 4,Legoupil et al. 1991,no,67°18'02'',55°49'14'',1 a 4,,Indet.,Suave,6,5
24,Caleta Martial 1,,no,67°17'11'',55°49'35'',n.r.,,Indet.,Indet.,n.r.,n.r.
25, Horn 1,Legoupil et al. 1991,no,67°17'00'',55°50'00'',6 a 7,,Indet.,Suave,3,3
26,198,Legoupil et al. 1991,no,67°16'14'',55°55'55'',,,Alta,Indet.,n.r.,n.r.
27, Navarino 1,Legoupil et al. 1991,no,6816'26'',54º54'52'',2 a 10,,Indet.,Mediana,60,50
28, Wollaston 1,Legoupil et al. 1991,no,67°59'26'',55°15'13'',1 a 4,,Indet.,Marcada,6,10
29, Wollaston 10,Legoupil et al. 1991,no,67°15'32'',55°45'28'',1 a 4,,Indet.,Mediana,5,8
30, Wollaston 11,Legoupil et al. 1991,no,67°25'47'',55°42'37'',1 a 2,,Indet.,Mediana,7,10
31, Wollaston 12,Legoupil et al. 1991,no,67°36'44'',55°31'51'',1 a 3,,Indet.,Suave,5,10
32, Wollaston 13,Legoupil et al. 1991,no,67°31'25'',55°38'50'',2 a 5,,Indet.,Suave,3,10
33, Wollaston 14,Legoupil et al. 1991,no,67°32'05'',55°38'50',1 a 6,,Indet.,Mediana,8,8
34, Wollaston 15,Legoupil et al. 1991,no,67°32'50'',55°38'54'',6 a 10,,Indet.,Plano,6,10
35, Wollaston 2,Legoupil et al. 1991,no,67°32'50'',55°38'55'',1,,Indet.,Plano,25,5
36, Wollaston 3,Legoupil et al. 1991,no,67°15'52'',55°46'02'',1 a 4,,Indet.,Marcada,10,6
37, Wollaston 4 ,Legoupil et al. 1991,no,67°22'32'',55°41'59'',1 a 4,,Indet.,Mediana,6,5
38, Wollaston 5,Legoupil et al. 1991,no,67°22'32'',55°41'59'',2 a 4,,Indet.,Mediana,5,4
39, Wollaston 6,Legoupil et al. 1991,no,67°23'01'',55°41'45'',4,,Indet.,Suave,5,8
40, Wollaston 7,Legoupil et al. 1991,no,67°22'38'',55°37'45'',3 a 8,,Indet.,Mediana,15,10
41, Wollaston 8,,no,67°20'37'',55°36'37'',1 a 3,,Indet.,Suave,8,6
42, Wollaston 9,,no,67°22'17'',55°34'05'',1 a 4,,Indet.,Suave, Funerario,10
43,27B,,no,67°24'28'',55°40'52'',9,,Bosque,Alta,Indeterminado,n.r.
44,136 Aridos Guerrico,,no,67º18'44'',54º55'41'',8,,Pradera con Arbustos,Alta,Indeterminado,n.r.
45,113,1979,no,67º50''14'',54º54'37'',,,Alta,Indet.,n.r.,n.r.
46,113 Bosque,,no,67º40'35'',54º56'11'',,,Alta,Indet.,n.r.,n.r.
47,Seno Lauta,,,67º40'49'',54º56'15'',n.r.,,Pradera con Arboles,Alta,Campamento Base, Funerario
48,Grandi 1,com pers. A. Prieto 1999,no,,,7 a 8,,Indet.,Indet.,50,20
49,Ukika,Legoupil y Schidlowsky 1993-94,no,,,n.r.,,Alta,Mediana,n.r.,n.r.
50,4to Chorrillo 2,Legoupil et al. 1992-93,sí,,,n.r.,,Baja,Suave,30,10
51,Archipiélago Meric 43,Legoupil et al. 1992-93,no,69°55'57'',52°31'24'',n.r.,,Indet.,Suave,8,2
52,Señoret 13,Legoupil et al. 1992-93,no,72°35'58'',52°43'43'',2,,Indet.,Suave,n.r.,n.r.
53,Señoret 14,Legoupil et al. 1992-93,si,72°37'44'',52°36'17'',72°40'40'',,Bosque,Indet.,Campamento,20
54,Señoret 15,Legoupil et al. 1992-93,no,,,1 a 2,,Indet.,Suave,2,3
55,Bahía Agua Caliente 16,Legoupil et al. 1992-93,no,72°38'08'',52°34'39'',1 a 2,,Indet.,Suave,10,20
56,Bahía Agua Caliente 17,Legoupil et al. 1992-93,no,72°26'02'',52°40'00'',2,,Indet.,Suave,2,5
57,Bahía Altamirano (Bahia Cable) 34,Legoupil et al. 1992-93,no,72°25'40'',52°39'56'',1 a 2,,Indet.,Suave,10,70
58,Bahía Altamirano (Bahia Cable) 35,Legoupil et al. 1992-93,no,72°01'43'',52°32'51'',6,,Indet.,Suave,3,3
59,Bahía Altamirano (Bahia Cable) 36,Legoupil et al. 1992-93,no,72°01'26'',52°32'43'',4,,Indet.,Suave,3,3
60,Bahía Altamirano (Bahia Cable) 37,Legoupil et al. 1992-93,no,72°01'17'',52°32'50'',0 a 1 ,,Indet.,Mediana,3,3
61,Bahía Altamirano (Bahia Cable) 38,Legoupil et al. 1992-93,no,72°01'14'',52°33'06'',0 a 1 ,,Indet.,Mediana,3,3
62,Bahía Altamirano (Bahia Cable) 39,,no,72°01'06'',52°33'13'',0 a 1 ,,Indet.,Mediana,2,2
63,Bahía Cable 40,,no,72°00'54'',52°33'23'',0 a 1 ,,Indet.,Suave,3,3
64,Bahía Dirección,,no,72°02'59'',52°33'46'',n.r.,,Indet.,Indet.,n.r.,n.r.
65,M2,,no,69°35'00,52°27'00'',3,,Indet.,Indet.,n.r.,n.r.
66,Bahía Fortescue 5,,no,,,n.r.,,Baja,Indet.,n.r.,n.r.
67,Bahía Fortescue 6,,no,70°00'22'',53°41'37'',n.r.,,Baja,Indet.,n.r.,n.r.
68,Isla Wigwam 1,,no,,,n.r.,,Baja,Indet.,5,5
69,Isla Wigwam 10 centro,,no,71°59'29'',53°41'37'',n.r.,,Alta,mediana,n.r.,40
70,Isla Wigwam 10 este,,no,         ,,n.r.,,Alta,mediana,n.r.,45
71,Isla Wigwam 10 oeste,,no,71°59'38'',53°41'34'',n.r.,,Alta,mediana,n.r.,20
72,Isla Wigwam 3,,no, ,,n.r.,,Baja,Indet.,n.r.,n.r.
73,Isla Wigwam 4,,no,,,n.r.,,Baja,Indet.,n.r.,n.r.
74,Bahía Laredo 1,,sí,,,n.r.,,Alta,Marcada,15,100
75,Bahía Laredo 1A,,sí,70°48'33'',52°56'35'',12,,Nula,Suave,40,5
76,Bahía Laredo 1C,,sí,70°48'23'',52°56'57'',19,,Baja,Mediana,10,10
77,Bahía Laredo 2,,sí,70°48'21'',52°56'53'',n.r.,,Nula,Suave,n.r.,n.r.
78,Bahía Laredo 3, 1993-94,sí,70°48'09'',52°56'55'',n.r.,,Media,Mediana,3,1
79,Bahía Laredo 4,19751979,sí,70°48'41'',52°57'04'',n.r.,,Nula,Mediana,n.r.,n.r.
80,Bahía Laredo 5,com pers. P. Cárdenas 2000,si,70°48'56'',52°57'06'',52°56'54'',,Morrena,,60,Funerario
81,Bahía Buena,com pers. P. Cárdenas 2000,si,,,53°36'21'',,Terraza Marina 2,Bosque,85,Campamento Base
82,Bahía Mansa 2,com pers. P. Cárdenas 2000,sí,,,n.r.,,Media,Indet.,5,5
83,Bahía Mansa 3,1968,sí,70°56'16'',53°36'20'',n.r.,,Alta,Marcada,30,30
84,Bahía Mansa 4,Legoupil et al. 1992-93,sí,70°55'45'',53°36'26'',n.r.,,Alta,Indet.,15,10
85,Bahía Munición 3,Legoupil y Schidlowsky 1993-94,si,70°55'55'',53°36'27'',no,,Aire Libre,Duna,Estratigráfico,n.r.
86,Bahía Agua Caliente 18,Emperaire 1951. En Legoupil et al. 1992-93,no,,,1 a 2,,Indet.,Mediana,6,3
87,Bahía Ponsonby 58,Legoupil et al. 1992-93,no,72°25'09'',52°39'19'',n.r.,,Indet.,Mediana,2,2
88,Bahía Rebolledo 26,Legoupil et al. 1992-93,si,71°53'07'',52°41'37'',52°31'48'',,Terraza Marina 1,,50,Campamento
89,Bahía Rebolledo 27,Legoupil et al. 1992-93,no,,,0 a 1,,Bosque,Indet.,Campamento,40
90,Bahía Rebolledo 28,Legoupil et al. 1992-93,no,72°06'08'',52°32'27'',0 a 1,,Indet.,Suave,4,10
91,Bahía Rebolledo 29,Legoupil et al. 1992-93,si,72°04'54'',52°31'58'',52°32'44'',,Terraza Marina 2,Bosque,30,Campamento
92,Bahía Rebolledo 30,Legoupil et al. 1992-93,no,,,2,,Indet.,Plano,1,3
93,Bahía Rebolledo 31,Legoupil et al. 1992-93,no,72°04',52°32'29'',2,,Indet.,Suave,10,40
94,Bahía Rebolledo 32,,no,72°06'11'',52°31'46'',12,,Indet.,Mediana,3,4
95,Paso de Indio,com pers. P. Cárdenas 2000,no,72°06'12'',52°31'44'',n.r.,,Indet.,Suave,n.r.,n.r.
96,4to Chorrillo 1,,sí,72°52'38'',52°33'18'',n.r.,,Nula,Suave,100,50
97,Bahía Santiago 1,,sí,69°56'10'',52°31'07'',n.r.,,Alta,Suave,150,200
98,Bahía Santiago 2,com pers. P. Cárdenas 2000,sí,69°52'56'',52°29'43'',n.r.,,Media,Suave,10,20
99,Bahía Santiago 3,,sí,69°52'31'',52°29'32'',n.r.,,Media,Suave,4,2
100,Bahía Santiago 4,,sí,69°52'02'',52°30'09'',n.r.,,Alta,Suave,30,30
101,San Gregorio 7,Constantinescu et al. 1998,sí,69°52'35'',52°29'27'',n.r.,,Media,Suave,200,100
102,San Gregorio 9,Constantinescu et al. 1998,sí,69°55'55'',52°31'13'',n.r.,,Alta,Suave,800,200
103,BASHOA 1,Constantinescu et al. 1998,no,69°51'47'',52°29'18'',12,,Alta,Indet.,n.r.,n.r.
104,BASHOA 2,Constantinescu et al. 1998,no,70°52'58'',52°55'26'',12,,Alta,Indet.,n.r.,n.r.
105,BASHOA 3,Constantinescu et al. 1998,no,70°52'48'',52°55'22'',10,,Alta,Indet.,n.r.,n.r.
106,BASHOA 4,Constantinescu et al. 1998,no,70°52'47'',52°55'20'',12,,Alta,Indet.,n.r.,n.r.
107,BASHOA 5,Legoupil et al. 1992-93,no,70°52'46'',52°55'21'',12,,Alta,Indet.,n.r.,n.r.
108,BASHOA 6,,no,70°52'16'',52°55'22'',10,,Alta,Indet.,n.r.,n.r.
109,Bahía Williams 25,,no,70°51'55'',52°55'33'',1 a 2,,Indet.,Suave,n.r.,n.r.
110,M1,,no,72°07'17'',52°31'01'',n.r.,,Indet.,Indet.,n.r.,n.r.
111,M4,,no,,,n.r.,,Indet.,Indet.,n.r.,n.r.
112,M5,,no,,,n.r.,,Indet.,Indet.,n.r.,n.r.
113,M6,com pers. P. Cárdenas 2000,no,,,10,,Indet.,Indet.,n.r.,n.r.
114,M7,Ocampo et al. 1998c,no,,,n.r.,,Indet.,Indet.,n.r.,n.r.
115,Basural de Buque Quemado ,,sí,,,5 aprox,,Media,Suave,40,20
116,Buque Quemado 2,,sí,69°35',52°25'06'',n.r.,,Alta,Suave,250,100
117,Buque Quemado 3,com pers. P. Cárdenas 2000,sí,69°27'08'',52°15'26'',n.r.,,Alta,Suave,100,20
118,Buque Quemado 4,,sí,69°27'26'',52°15'56'',n.r.,,Alta,Suave,50,20
119,Buque Quemado 7, Prieto 1988,sí,69°27'47'',52°16'08'',n.r.,,Media,Plano,150,100
120,M3,,no,69°35'11'',52°25'04'',n.r.,,Indet.,Indet.,n.r.,n.r.
121,Koikash-Aiken,Legoupil y Schidlowsky 1993-94,,,,n.r.,,Pradera con Arbustos,Indet.,Taller Lítico,n.r.
122,Cabo Porpoise,Legoupil y Schidlowsky 1993-94,no,,,n.r.,,Indet.,Indet.,n.r.,n.r.
123,Caleta Pesca 51,Legoupil y Schidlowsky 1993-94,no,,,n.r.,,Indet.,Suave,60,10
124,Canal Fitz-Roy 1,Legoupil 1994-95,no,72°06'09'',52°39'58'',n.r.,,Indet.,Mediana,20,10
125,Canal Fitz-Roy 2, en: Massone 1981,no,71°25'03'',52°45'31'',n.r.,,Indet.,Suave,15,10
126,Canal Fitz-Roy 3,com pers. P. Cárdenas 2000,no,71°25'29'',52°44'47'',3,,Indet.,Mediana, Campamento,4
127,Cañadón Cóndor,,si,71°24'32'',52°49'32'',52°12'12'',,Duna,,30,Campamento Efímero
128,Cañadón Condor 2,Ocampo et al. 1998c,sí,,,n.r.,,Alta,Mediana,250,50
129,Este Cañadón Cóndor,Ocampo et al. 1998c,no,69°06'36'',52°11'32'',n.r.,,Indet.,Indet.,n.r.,n.r.
130,Cañadón Cóndor 11,,no,,,n.r.,,Alta,Suave,n.r.,n.r.
131,Cañadón Cóndor 12,Ocampo et al. 1998c,no,69°07'04'',52°11'24'',n.r.,,Alta,marcada,n.r.,n.r.
132,Cañadón Grande,Ocampo et al. 1998c,no,69°06'53'',52°11'14'',n.r.,,Indet.,Indet.,n.r.,n.r.
133,Cañadón Grande 10,Ocampo et al. 1998c,no,,,n.r.,,Alta,Indet.,n.r.,n.r.
134,Cañadón Grande 7,Ocampo et al. 1998c,no,69°21'06'',52°13'50'',n.r.,,Media,Indet.,10,5
135,Cañadón Grande 8,,no,69°22'42'',52°14'16'',n.r.,,Alta,Plano,n.r.,n.r.
136,Cañadón Grande 9,,no,69°22'01'',52°14'03'',n.r.,,Alta,Plano,n.r.,n.r.
137,Cañadón Seco, 1989-90,no,69°21'18'',52°13'50'',n.r.,,Indet.,Indet.,n.r.,n.r.
138,Cañadón Seco 1,,no,,,n.r.,,Indet.,Indet.,n.r.,n.r.
139,Cañadón Seco 2,Ocampo et al. 1998c,,,,n.r.,,,Indet.,Campamento Efímero, Arte Rupestre
140,Cañadón Seco 4,Ocampo et al. 1998b,no,,,n.r.,,Indet.,Indet., Arte Rupestre,n.r.
141,Predio O'Higgins 1,Ocampo et al. 1998b,no,,,n.r.,,Alta,Suave,200,300
142,Daniel Este 19,Ocampo et al. 1998b,no,69°17'23'',52°15'39'',n.r.,,Indet.,Indet.,200,400
143,Daniel Este 20,Ocampo et al. 1998b,no,68°35'03'',52°19'42'',n.r.,,Indet.,Indet.,n.r.,n.r.
144,Daniel Este 21,Ocampo et al. 1998b,no,68°35'19'',52°19'34'',n.r.,,Indet.,Indet.,60,30
145,Daniel Este 22,Ocampo et al. 1998b,no,68°35'53'',52°19'47'',n.r.,,Indet.,Indet.,n.r.,n.r.
146,Daniel Este 24,,no,68°35'50'',52°19'19'',n.r.,,Indet.,Indet.,8,10
147,Daniel Este 25, IVa y Va).,no,68°36'55'',52°19'03'',n.r.,,Baja,Indet.,n.r.,n.r.
148,Corral Hotel/ Ia y Ib,Constantinescu et al. 1998,sí,68°40'49'',52°18'31'',159,,Alta,Plano,30,20
149,Dinamarquero (IIa,,si,70°34'27'',52°25'03'',52°24'57'',,,,50,Campamento Base
150,STAMAR 1,Ocampo et al. 1998b,no,,,n.r.,,Alta,Indet.,n.r.,n.r.
151,Bautismo,Ocampo et al. 1998b,sí,70°03'39'',52°32'54'',150,,Baja,Suave,10,50
152,Ea. Monte Dinero 11,Ocampo et al. 1998b,no,70°36'24'',52°26'58'',n.r.,,Indet.,Indet., Campamento,n.r.
153,Ea. Monte Dinero 13,Ocampo et al. 1998b,no,68°30'25'',52°19'51'',n.r.,,Baja,Indet.,n.r.,n.r.
154,Ea. Monte Dinero 14,Ocampo et al. 1998b,no,68°32'05'',52°19'54'',n.r.,,Indet.,Indet.,20,20
155,Ea. Monte Dinero 15,Ocampo et al. 1998b,no,68°32'54'',52°19'54'',n.r.,,Baja,Indet.,n.r.,n.r.
156,Ea. Monte Dinero 17,Legoupil 1986-87,no,68°33'20'',52°20'00'',n.r.,,Indet.,Indet.,30,60
157,Ea. Monte Dinero 18,Legoupil 1986-87,no,68°34'04'',52°20'08'',n.r.,,Indet.,Indet.,n.r.,n.r.
158,Fiordo Fanny 1,Legoupil 1986-87,no,68°34'26'',52°19'56'',2 a 3,,Baja,Indet.,6,6
159,Fiordo Fanny 2,Legoupil 1986-87,no,,,2 a 3,,Baja,Indet.,n.r.,n.r.
160,Fiordo Fanny 3,Legoupil 1986-87,no,,,2 a 3,,Media,Indet.,n.r.,n.r.
161,Fiordo Fanny 4,Legoupil 1986-87,no,,,2 a 3,,Baja,Indet.,n.r.,n.r.
162,Fiordo Fanny 5,Legoupil 1986-87,no,,,2 a 3,,Media,Indet.,n.r.,n.r.
163,Fiordo Fanny 6,,no,,,2,,Media,Indet.,n.r.,n.r.
164,Fiordo Fanny 7,1980,no,,,1 a 2,,Indet.,Indet.,n.r.,n.r.
165,Angostura Titus 1,Legoupil 1981-82,no,,,2,,Indet.,Plano,n.r.,n.r.
166,Angostura Titus 2,Legoupil 1981-82,si,,,n.r.,,,,80,Campamento Efímero
167,Fiordo Silva Palma 13 (SO13),,no,,,n.r.,,Indet.,Indet.,n.r.,n.r.
168,Punta Errázuriz (SO11),,no,,,n.r.,,Indet.,Indet.,n.r.,n.r.
169,Alero de la Frontera,,no,,,n.r.,,Indet.,Indet., Arte Rupestre,n.r.
170,Alero Peggy Bird,,no,,,n.r.,,Indet.,marcada,n.r.,n.r.
171,Alero Potrok Aike 2,,no,,,n.r.,,Indet.,Indet.,n.r.,n.r.
172,Cañadón Potrok Aike 1,,no,,,n.r.,,Indet.,Indet.,n.r.,n.r.
173,Cerro Puesto Límite,,no,,,n.r.,,Indet.,Indet.,n.r.,n.r.
174,Cerro Timone,,no,,,n.r.,,Indet.,Indet.,n.r.,n.r.
175,Cueva de los Contrabandistas,,no,,,n.r.,,Indet.,Indet., Arte Rupestre,n.r.
176,Gallegos Chico, Prieto 1997,no,,,n.r.,,Indet.,Indet.,n.r.,n.r.
177,Juniaike 1, Gómez 1989-90,no,,,n.r.,,Indet.,Indet.,5,2
178,Juniaike 2,,,,,n.r.,,,Indet.,Campamento Base,300
179,Juniaike 3,,,,,n.r.,,,Indet.,Taller Lítico,5
180,Juniaike 4,,no,,,n.r.,,Indet.,Indet.,n.r.,n.r.
181,Juniaike 5,,no,,,n.r.,,Indet.,Indet.,n.r.,n.r.
182,Juniaike 6,,no,,,n.r.,,Alta,Suave, Arte Rupestre,2
183,Piedra Grande,,no,,,n.r.,,Indet.,Indet.,n.r.,n.r.
184,Taller Gallegos Chico,,no,,,n.r.,,Indet.,Indet.,n.r.,n.r.
185,Isla Contramaestre 1,,no,70°44',51°57''00,n.r.,,Alta,Mediana,n.r.,n.r.
186,Isla Contramaestre 2, Emperaire 1965,no,,,n.r.,,Alta,Mediana,n.r.,n.r.
187,Isla Contramaestre 3, Emperaire 1965,no,,,n.r.,,Alta,Indet.,n.r.,n.r.
188,Bahía Colorada,,si,,,,,,Indeterminado,Indet.,Indet.
189,Englefield,,si,,,,,Indeterminado,n.r.,Limo,Pedogénico-Humus
190,M10,Legoupil 1984-85,no,,,4,,Bosque,Indet.,Indeterminado,n.r.
191,M9,Emperaire 1951. En Legoupil et al. 1992-93,no,,,n.r.,,Indet.,Indet.,n.r.,n.r.
192,Punta Sur de Bh. Colorada,Emperaire 1951. En Legoupil et al. 1992-93,si,,,n.r.,,Terraza Marina 1,Indeterminado,20,Funerario
193,Isla  Escarpada  4,Legoupil et al. 1992-93,no,,,1 a 2,,Indet.,Suave,6,6
194,Isla  Escarpada 1,Emperaire 1951. En Legoupil et al. 1992-93. Legoupil y Bertran 1995-96,no,72°14'11'',52°35'35'',2 a 3,,Indet.,Mediana,3,10
195,Isla  Escarpada 2,Emperaire 1951. En Legoupil et al. 1992-93,no,72°14'40'',52°35'16'',3,,Indet.,Suave,3,10
196,Isla  Escarpada 3,Emperaire 1951. En Legoupil et al. 1992-93,no,72°14'46'',52°35'15'',3,,Pradera con Arbustos,Indet.,Campamento Base,15
197,Isla  Escarpada 5,Emperaire 1951. En Legoupil et al. 1992-93,no,72°14'11'',52°35'40'',1,,Indet.,Suave,1,12
198,Isla  Escarpada 6,Emperaire 1951. En Legoupil et al. 1992-93,no,72°16'23'',52°35'58'',1,,Indet.,Suave,15,5
199,Isla  Escarpada 7,Emperaire 1951. En Legoupil et al. 1992-93,no,72°14'07'',52°35'29'',2 a 3,,Indet.,Suave,n.r.,n.r.
200,Isla  Escarpada 8,Emperaire 1951. En Legoupil et al. 1992-93,no,72°14'09'',52°35'15'',2,,Indet.,Suave,6,5
201,Isla Escarpada 10,Legoupil y Schidlowsky 1993-94,no,72°13'59'',52°35'02'',2,,Indet.,Plano,3,3
202,Isla Escarpada 9,Legoupil y Schidlowsky 1993-94,no,72°14'02'',52°35'13'',2,,Indet.,Suave,5,4
203,Isla Guzmán 44,Legoupil y Schidlowsky 1993-94,si,72°13'58'',52°35'01'',72°06'20'',,Indeterminado,Indet.,Taller Lítico, Campamento Base
204,Isla Guzmán 45,Legoupil y Schidlowsky 1993-94,no,,,n.r.,,Indet.,Suave,4,2
205,Isla Guzmán 46,Legoupil y Schidlowsky 1993-94,no,72°06'20'',52°38'10'',n.r.,,Indet.,Suave,2,2
206,Isla Guzmán 47,,no,72°06'20'',52°38'10'',n.r.,,Indet.,Mediana,3,1
207,Isla Guzmán 48,,no,72°06'20'',52°38'11'',n.r.,,Indet.,Suave,4,5
208,Isabel 1,,no,72°06'20'',52°38'11'',0,,Pradera con Arbustos,Indet.,Campamento Efímero,n.r.
209,Isabel 10,,no,,,4,,Indeterminado,Indet.,Indeterminado,n.r.
210,Isabel 11,,no,,,0,,Indeterminado,Indet.,Campamento Efímero,n.r.
211,Isabel 12,,no,,,0-3,,Indet.,Indet.,n.r.,n.r.
212,Isabel 13,,no,,,0-3,,Indeterminado,Indet.,Campamento Efímero,n.r.
213,Isabel 14,,no,,,0,,Indet.,Indet.,n.r.,n.r.
214,Isabel 15,,no,,,4,,Indeterminado,Indet.,Campamento Efímero,n.r.
215,Isabel 16,,no,,,2,,Indeterminado,Indet.,Campamento Efímero,n.r.
216,Isabel 17a,,no,,,2,,Indeterminado,Indet.,Campamento Efímero,30
217,Isabel 17b,,no,,,0,,Indet.,Indet., Funerario,200
218,Isabel 18,,no,,,3,,Indet.,Indet.,n.r.,n.r.
219,Isabel 19,,no,,,0-1,,Indeterminado,Indet.,Campamento Efímero,n.r.
220,Isabel 2,,no,,,1,,Pradera con Arbustos,Indet.,Campamento Efímero,n.r.
221,Isabel 20,,no,,,0-1,,Indeterminado,Indet.,Campamento Efímero,n.r.
222,Isabel 21,,no,,,n.r.,,Indet.,Indet.,n.r.,n.r.
223,Isabel 22,,no,,,1,,Indeterminado,Indet.,Campamento Efímero,n.r.
224,Isabel 23,,no,,,n.r.,,Indet.,Indet.,n.r.,n.r.
225,Isabel 24,,no,,,n.r.,,Indet.,Indet.,n.r.,n.r.
226,Isabel 25,,no,,,1,,Indeterminado,Indet.,Campamento Efímero,n.r.
227,Isabel 26,,no,,,n.r.,,Indet.,Mediana,n.r.,n.r.
228,Isabel 27,,no,,,5,,Indet.,Indet.,n.r.,n.r.
229,Isabel 28,,no,,,n.r.,,Indet.,Indet.,n.r.,n.r.
230,Isabel 29,,no,,,n.r.,,Indet.,Plano,n.r.,n.r.
231,Isabel 3,,no,,,1,,Pradera con Arbustos,Indet.,Campamento Efímero,n.r.
232,Isabel 30,,no,,,n.r.,,Indet.,Plano,n.r.,n.r.
233,Isabel 31,,no,,,n.r.,,Indet.,Indet.,n.r.,n.r.
234,Isabel 32,,no,,,n.r.,,Indet.,Indet.,n.r.,n.r.
235,Isabel 33,,no,,,n.r.,,Indet.,Indet.,n.r.,n.r.
236,Isabel 34,,no,,,n.r.,,Indet.,Indet.,n.r.,n.r.
237,Isabel 35,,no,,,n.r.,,Indet.,Indet.,n.r.,n.r.
238,Isabel 36,,no,,,1,,Indet.,Indet.,n.r.,n.r.
239,Isabel 37,,no,,,n.r.,,Indet.,Mediana,n.r.,n.r.
240,Isabel 38,,no,,,n.r.,,Indet.,Indet.,n.r.,n.r.
241,Isabel 4,,no,,,1,,Indeterminado,Indet.,Campamento Efímero,n.r.
242,Isabel 5,,no,,,n.r.,,Indet.,Plano,30,n.r.
243,Isabel 6,,no,,,2,,Indeterminado,Indet.,Campamento Efímero,n.r.
244,Isabel 7,,no,,,0,,Indet.,Indet.,n.r.,n.r.
245,Isabel 8,,no,,,n.r.,,Indet.,Indet.,n.r.,n.r.
246,Isabel 9,,no,,,n.r.,,Indet.,Indet.,n.r.,n.r.
247,Isla Isabel 1,Legoupil et al. 1992-93,no,,,n.r.,,Media,Indet.,n.r.,n.r.
248,Punta Silvestre 1,Legoupil et al. 1992-93,no,,,n.r.,,Media,Suave,n.r.,n.r.
249,Isla  Larga 11,Legoupil et al. 1992-93,no,,,1,,Indet.,Suave,12,8
250,Isla  Larga 12,,si,72°39'28'',52°36'58'',72°36'27'',,Bosque,Indet.,Campamento,5
251,Isla Latorre 23,Legoupil et al. 1992-93,no,,,1,,Indet.,Plano,5,4
252,Isla Magdalena 1,,no,72°20'22'',52°41'22'',n.r.,,Alta,Indet.,n.r.,n.r.
253,Isla Marta 20,,no,,,1,,Indet.,Plano,3,2
254,M11,,no,72°17'18'',52°33'28'',n.r.,,Indet.,Indet.,n.r.,n.r.
255,M12,,no,,,n.r.,,Indet.,Indet.,n.r.,n.r.
256,M13,,no,,,n.r.,,Indet.,Indet.,n.r.,n.r.
257,M14,,no,,,n.r.,,Indet.,Indet.,n.r.,n.r.
258,M15,,no,,,n.r.,,Indet.,Indet.,n.r.,n.r.
259,M16, Emperaire 1988,no,,,n.r.,,Indet.,Indet.,n.r.,n.r.
260,M17, Legoupil 1983,no,,,n.r.,,Indet.,Indet.,n.r.,n.r.
261,Ponsonby,Legoupil et al. 1992-93,si,,,  1997-98,,Indeterminado,n.r.,Limo,Coluvial
262,Isla Vivian,Constantinescu et al. 1998,,,,n.r.,,,,60,Campamento
263,Itsmo Chinchorro 19,Constantinescu et al. 1998,no,,,1,,Indet.,Plano,40,10
264,HOSTEH1, Bird 1993,no,72°21'05'',52°32'43'',n.r.,,Alta,Indet.,n.r.,n.r.
265,KONAIK 1, Prieto et al. 1998,no,69°46'12'',52°24'02'',14,,Media,Indet.,n.r.,n.r.
266,Cañadón Leona 3,,si,70°53'51'',52°55'07'',52°28'43'',,,,n.r.,Campamento Efímero
267,Cañadón Leona 5,com pers. P. Cárdenas y A. Prieto 2000,,,,71°07'21'',,,Baja,Campamento Base,20
268,Cerro del Indio,,no,,,n.r.,,Indet.,Indet.,n.r.,n.r.
269,Laguna en el Borde del Bosque,,sí,,,n.r.,,Media,Suave,300,200
270,Cerro Contreras 1,,no,71°02'38'',52°30'33'',n.r.,,Indet.,Indet.,n.r.,n.r.
271,Cerro Iturbe 2,,no,,,n.r.,,Indet.,Indet.,n.r.,n.r.
272,Cerro Navarro 1,,no,,,n.r.,,Indet.,Indet.,n.r.,n.r.
273,Cerro Schmid 1,,no,,,n.r.,,Indet.,Indet.,n.r.,n.r.
274,Cerro Schmid 2,,no,,,n.r.,,Indet.,Indet.,n.r.,n.r.
275,Cerro Schmid 3,,no,,,n.r.,,Indet.,Indet.,n.r.,n.r.
276,Cerro Tehuelche 1,,no,,,n.r.,,Indet.,Indet., Campamento Efímero,n.r.
277,Cerro Walichu 1,,no,,,n.r.,,Indet.,Indet.,n.r.,n.r.
278,Cerro Walichu 2,,no,,,n.r.,,Indet.,Indet.,n.r.,n.r.
279,Laguna Timone 2,,no,,,n.r.,,Indet.,Indet., Arte Rupestre,16
280,Laguna Timone 3,,no,,,n.r.,,Indet.,Indet., Arte Rupestre,n.r.
281,Entierro Morro Chico,,no,,,245,,Indet.,Indet.,n.r.,n.r.
282,Morro Chico A, Massone 1982,sí,,,n.r.,,Baja,Suave, Arte Rupestre,3
283,Morro Chico B,,sí,71°25'12'',52°03'34'',n.r.,,Baja,Marcada,2,2
284,Laguna de los Tábanos,,,71°25'11'',52°03'31'',69°39'19'',,Pradera Baja,Baja,Campamento Efímero, Arte Rupestre
285,Lagunilla,,sí,,,170,,Alta,Suave,70,70
286,Lg. Aymond 1,,sí,69°41'22'',52°07'54'',39,,Alta,Suave,20,20
287,Lg. Aymond 2,,sí,69°35'02'',52°08'16'',39,,Media,Mediana,100,15
288,Lg. Aymond 3,,sí,69°35'22'',52°07'59'',39,,Pradera Baja,Media,Campamento Efímero,70
289,Oazy Harbour,,no,69°39'19'',52°08'23'',n.r.,,Indet.,Indet.,n.r.,n.r.
290,Okere Aike1,,sí,,,15 aprox,,Alta,Suave,200,100
291,Brazo Norte 1, Massone 1989-90,no,69°24'26'',52°14'57'',n.r.,,Indet.,Indet.,n.r.,n.r.
292,Brazo Norte 2, Massone 1989-90,no,,,n.r.,,Indet.,Indet.,n.r.,n.r.
293,Cerro Iturbe 1,,,,,n.r.,,Indeterminado,Indet.,Taller Lítico-Divisadero,n.r.
294,Cerro Martín 1,,,,,n.r.,,Indeterminado,Indet.,Taller Lítico-Divisadero,n.r.
295,Cerro Tetera,,sí,,,229,,Baja,Mediana,25,15
296,Cerro Tetera 2, Massone 1981,sí,69°40'43'',52°07'57'',273,,Media,Suave,n.r.,n.r.
297,Cueva de los Chingues,San Román y Morello 1999,sí,69°40'29'',52°09'05'',n.r.,,Media,Suave,3,10
298,Cueva Pali Aike 1,,,69°44'31'',52°05'37'',69°42'20'',,Pradera con Arbustos,Alta,Campamento Base,17
299,Entierro en Jalón,com pers. R. Oyarzún 1999,sí,,,243,,Baja,Suave,2,5
300,La Portada,,no,69°41'04'',52°07'48'',n.r.,,Indet.,Indet.,n.r.,n.r.
301,Laguna Seca,,sí,,,187,,Media,Suave,300,150
302,Laguna Sota,,no,69°46'37'',52°06'47'',n.r.,,Indet.,Indet.,n.r.,n.r.
303,Pali Aike 2,,sí,,,195,,Alta,Mediana,6,11
304,Pali Aike 3,,sí,69°42'28'',52°06'44'',195,,Alta,Plano, Campamento Efímero,3
305,Naufragio del Olympian, Prieto y Van de Maele 1995,sí,69°42'23'',52°06'42'',0,,Alta,Suave,30,80
306,Olympian 1,,sí,69°01'53'',52°14'51'',n.r.,,Alta,Mediana, Taller Lítico, Funerario
307,Olympian 2,,,69°01'53'',52°14'42'',69°01'59'',,Pradera con Arbustos,Alta,Campamento Efímero, Taller Lítico
308,Olympian 3,,sí,,,n.r.,,Media,Mediana,Campamento Efímero,10
309,Olympian 4,,sí,69°01'41'',52°14'49'',n.r.,,Media,Mediana,Campamento Efímero,100
310,Olympian 5,,sí,69°01'34'',52°15'03'',n.r.,,Media,Suave,Campamento Efímero,100
311,Olympian 6,,sí,69°01'05'',52°15'28'',n.r.,,Alta,Mediana,Campamento Efímero,100
312,Posesión,,no,69°02'10'',52°14'36'',n.r.,,Indet.,Indet.,n.r.,n.r.
313,Posesión 2,,no,68°56',52°17'00'',40,,Alta,Indet., Campamento Base,n.r.
314,Posesión 3,com pers. P. Cárdenas 2000,no,,,45,,Alta,Indet., Campamento Base,10
315,Posesión 5, 1971a ,no,,,30,,Alta,Indet., Campamento Base,n.r.
316,Posesión 1,com pers. A. Prieto y P. Cárdenas 1999,sí,,,n.r.,,Alta,Indet.,Campamento Efímero,200
317,Poblado Hispánico Rey Don Felipe,Legoupil y Schidlowsky 1993-94,,68°50'34'',52°18'23'',70°55'43'',,Pradera con Arboles,Alta,Poblado, Funerario
318,Puerto del Hambre,Legoupil y Schidlowsky 1993-94,sí,,,n.r.,,Media,Suave,150,50
319,Puerto Garay 49A,Legoupil y Schidlowsky 1993-94,sí,70°55'47'',53°36'47'',72°05'06'',,Indeterminado,Indet.,Campamento,70
320,Puerto Garay 49B,Legoupil et al. 1992-93,no,,,n.r.,,Indet.,Suave, Campamento,60
321,Puerto Garay 50,,no,72°05'06'',52°39'37'',n.r.,,Indet.,Suave,40,5
322,Punta Adelaide 24,Ocampo s/f,no,72°05'06'',52°39'03'',6,,Indet.,Plano,20,5
323,Km 49,Constantinescu et al. 1998,sí,72°09'49'',52°39'03'',70°56'01'',,Pradera con Arboles,Media,Taller Lítico,30
324,Punta Carrera,,sí,,,n.r.,,Alta,Indet.,30,30
325,PTACERR 1,com pers. P. Cárdenas 2000,no,70°56'21'',53°35'29'',n.r.,,Media,Indet.,n.r.,n.r.
326,Este P. Delgada,1984,no,70°31'13'',52°36'18'',n.r.,,Indet.,Indet.,n.r.,n.r.
327,Punta Delgada 1,1979,sí,,,n.r.,,Alta,Suave,200,100
328,Dungeness 1,1984,,69°34'57'',52°23'15'',n.r.,,,Alta,Taller Lítico, Campamento Base
329,Dungeness 2,,sí,,,no,,Aire Libre,Duna,Estratigráfico,25
330,Dungeness 3,1984,sí,,,68°25'13'',,,Alta,Taller Lítico, Campamento Base
331,Dungeness 4,,no,,,10,,Indet.,Indet.,n.r.,n.r.
332,Dungeness 5,Ocampo et al. 1998b,sí,,,n.r.,,,,n.r.,Funerario
333,Dungeness 6,Ocampo et al. 1998b,no,,,n.r.,,Indet.,Indet.,n.r.,n.r.
334,Dungeness A,Ocampo et al. 1998b,no,,,n.r.,,Indet.,Indet.,8,5
335,Dungeness B,Ocampo et al. 1998b,no,68°25'14'',52°20'50'',n.r.,,Indet.,Indet.,n.r.,n.r.
336,Dungeness C,Legoupil et al.1992-93,no,68°25'51'',52°20'44'',n.r.,,Indet.,Indet., Campamento,200
337,Dungeness D,,no,69°01'38'',52°54'07'',n.r.,,Indet.,Indet., Campamento,60
338,Punta Onofre 22,Legoupil y Schidlowsky 1993-94,no,68°27'07'',52°19'58'',1,,Indet.,Plano,60,5
339,Punta Perno,Legoupil y Schidlowsky 1993-94,no,72°10'29'',52°31'41'',n.r.,,Indet.,Indet.,n.r.,n.r.
340,Punta Rocallosa Este 52,Legoupil y Schidlowsky 1993-94,no,,,n.r.,,Indet.,Indet.,60,10
341,Punta Rocallosa Este 53,Legoupil y Schidlowsky 1993-94,no,71°57'20'',52°40'09'',n.r.,,Indet.,Indet.,3,2
342,Punta Rocallosa Este 54,Legoupil y Schidlowsky 1993-94,no,71°57'22'',52°40'16'',n.r.,,Indet.,Suave,5,3
343,Punta Rocallosa Este 55,Legoupil y Schidlowsky 1993-94,no,71°57'20'',52°40'09'',n.r.,,Indet.,Suave,3,2
344,Punta Rocallosa Este 56, Prieto 1993-94,no,71°57'20'',52°39'51'',n.r.,,Indet.,Suave,10,1
345,Punta Rocallosa Oeste 57,1975,no,71°57'50'',52°39'02'',n.r.,,Indet.,Suave,40,10
346,Punta Rosa,com pers. A. Prieto y P. Cárdenas 1999,,71°59'25'',52°39'10'',70°30'00'',,Indeterminado,Indet.,Campamento Efímero, Funerario
347,Punta Santa Ana,com pers. A. Prieto y P. Cárdenas 1999,sí,,,sí,,Conchal,,Estratigráfico,55
348,Punta Santa Ana 2,San Román y Morello 1999c,sí,,,1 aprox,,Media,Suave,20,n.r.
349,Punta Santa Ana 3,,sí,70°55'23'',53°37'42'',n.r.,,Baja,Suave,20,30
350,Río Amarillo 1,,sí,70°55'18'',53°37'48'',2 aprox,,Media,Suave,15,10
351,Km 44 Sur,C),sí,70°58'28'',53°27'20'',4,,Media,Suave,20,30
352,Km 44, Prieto 1993-94,sí,70°56'42'',53°31'40'',70°56'22'',,Pradera con Arboles,Alta,Campamento Base,20
353,Aleros de Laguna Sota (A,,,,,52°03'14'',,Maar,,n.r.,Campamento Base
354,Cerro Johnny,1993,,,,70°01'43'',,Pradera con Arbustos,Baja,Funerario,2
355,Cueva Cerro Sota, Prieto 1993-94,sí,,,166,,Baja,Plano, Funerario,14
356,Cueva Fell,Cárdenas com pers. 1999,sí,70°03'11'',52°03'00'',52°02'40'',,Cañadón,,475,Campamento Base
357,Entierro de Laguna Sota,1991,,,,70°04'20'',,Pradera Baja,Nula,Funerario,2
358,Laguna Sota,Prieto y Cárdenas com pers. 1999,sí,,,164,,Alta,Suave,30,10
359,Laguna Thomas Gould,,sí,70°04'40'',52°03'13'',52°03'58'',,Playa Lacustre,,350,Campamento Base
360,Puente Río Chico,1971,sí,,,n.r.,,Media,Suave,10,50
361,Río Chico 0,,no,70°01'06'',52°03'05'',n.r.,,Indet.,Indet.,n.r.,n.r.
362,Río Chico 1,,,,,n.r.,,Pradera con Arbustos,Indet.,Campamento, arte rupestre
363,Río Chico 2,,no,,,n.r.,,Indet.,Indet.,n.r.,n.r.
364,Río Chico 4,,no,,,n.r.,,Indet.,Indet.,n.r.,n.r.
365,Río Chico 5, Bate 1970,no,,,n.r.,,Indet.,Indet.,n.r.,n.r.
366,Río Chico Matanza,Legoupil et al. 1992-93,no,,,n.r.,,Indet.,Indet.,n.r.,n.r.
367,Ush Aike,Legoupil et al. 1992-93,,,,70°03'31'',,Pradera Baja,Alta,Arte Rupestre,30
368,Río Leone 41,Legoupil et al. 1992-93,no,,,1,,Indet.,Suave,130,30
369,Río Leone 42,,no,72°33'13'',52°33'12'',0 a 1,,Indet.,Suave,40,20
370,Río Nutria 33,Legoupil et al.1992-93,no,72°00'34'',52°33'16'',5 a 6,,Indet.,Suave,10,50
371,Río Pescado,,no,72°04'55'',52°31'59'',n.r.,,Indet.,Indet.,n.r.,n.r.
372,Río Pinto 21,,no,,,0,,Indet.,Plano,30,10
373,Río San Pedro 1,com. Pers. P. Cárdenas,sí,72°11'32'',52°32'07'',1 aprox,,Alta,Indet.,100,20
374,Río San Pedro 2,,sí,70°57'58'',53°42'36'',2 aprox,,Alta,Suave,15,5
375,Río San Pedro 3,,sí,70°58'06'',53°42'14'',n.r.,,Baja,Suave,30,10
376,Río San Pedro 4,,sí,70°58'03'',53°41'41'',n.r.,,Media,Indet.,5,5
377,Río Sandy Mac Lean,,no,70°58'07'',53°41'42'',n.r.,,Indet.,Indet.,n.r.,n.r.
378,Río Santa María 1,,sí,,,2 aprox,,Baja,Suave,20,10
379,Río Santa María 2,,sí,70°58'23'',53°41'00'',2 aprox,,Media,Suave,10,5
380,Roble Viejo,BirdMs. En Legoupil et al. 1992-93,no,70°58'29'',53°40'55'',n.r.,,Indet.,Indet.,n.r.,n.r.
381,Laguna Gringos Duros,com pers. A. Prieto y P. Cárdenas,no,,,n.r.,,Indet.,Indet.,n.r.,n.r.
382,Bird 21,,sí,,,n.r.,,Alta,Suave,150,50
383,Río Verde 2,,sí,71°29'50'',52°37'07'',2 aprox,,Media,Suave,80,30
384,Casa del Cacique Mulato,,no,71°27'40'',52°39'08'',n.r.,,Baja,Plano,n.r.,n.r.
385,Rose Aike 2,,no,,,n.r.,,Indet.,Indet., Arte Rupestre,14
386,Rose Aike 3,,sí,,,176,,Media,Suave,30,100
387,Rose Aike 3 Conjunto A,,sí,69°56'45'',52°38'59'',183,,Media,Suave, Arte Rupestre,10
388,Rose Aike 3 Conjunto B,,sí,69°56'47'',52°09'03'',189,,Media,Suave, Arte Rupestre,6
389,Rose Aike 3 Unidad C,,no,69°56'46'',52°08'59'',n.r.,,Indet.,Indet.,n.r.,n.r.
390,Rose Aike 4,,sí,,,175,,Media,Suave,5,4
391,Rose Aike 5,Constantinescu et al. 1998,sí,69°56'51'',52°08'59'',134,,Media,Suave,50,100
392,Rose Aike 6,Constantinescu et al. 1998,sí,69°56'45'',52°08'46'',134,,Media,Suave,6,3
393,BAGREG 1,Constantinescu et al. 1998,no,69°56'51'',52°08'48'',n.r.,,Alta,Indet.,n.r.,n.r.
394,BAGREG 3,Constantinescu et al. 1998,no,70°09'52'',52°35'03'',n.r.,,Alta,Indet.,n.r.,n.r.
395,BAGREG 4,,no,70°11'13'',52°35'17'',n.r.,,Alta,Indet.,n.r.,n.r.
396,BAGREG 5,,no,70°11'51'',52°35'10'',n.r.,,Media,Indet.,n.r.,n.r.
397,Entre P. Sara y Grasería Sn. Gregorio,,no,70°12'59'',52°35'23'',n.r.,,Indet.,Indet.,n.r.,n.r.
398,Este Grasería San Gregorio,,no,,,n.r.,,Indet.,Indet.,n.r.,n.r.
399,Grasería San Gregorio,1984,no,,,n.r.,,Indet.,Indet.,n.r.,n.r.
400,Punta San Gregorio,,no,,,n.r.,,Indet.,Indet.,n.r.,n.r.
401,San Gregorio 1, 1985-86,,,,n.r.,,Pradera con Arbustos,Alta,Taller Lítico, Campamento Base
402,San Gregorio 10,,no,,,n.r.,,Indet.,Indet.,n.r.,n.r.
403,San Gregorio 11,,,,,70°09'26'',,Pradera con Arbustos,Media,Funerario,2
404,San Gregorio 12,,sí,,,n.r.,,Alta,Suave, Funerario,30
405,San Gregorio 13,,no,70°03'44'',52°33'55'',n.r.,,Indet.,Indet., Funerario,n.r.
406,San Gregorio 14,1984,sí,,,n.r.,,Alta,Suave,50,150
407,San Gregorio 16,,sí,70°06'01'',52°34'30'',n.r.,,Alta,Mediana,15,15
408,San Gregorio 2,1984,,70°08'56'',52°34'57'',n.r.,,Pradera con Arbustos,Alta,Taller Lítico, Campamento Base
409,San Gregorio 3,1984,no,,,6,,Indet.,Plano, Campamento Base,n.r.
410,San Gregorio 4,,sí,,,n.r.,,Duna,,n.r.,Campamento Efímero
411,San Gregorio 5,,,,,70°08'38'',,Pradera con Arbustos,Alta,Campamento Efímero,15
412,San Gregorio 6,,sí,,,n.r.,,Alta,Suave,20,50
413,San Gregorio 8,Constantinescu et al. 1998,sí,70°02'15'',52°33'34'',4,,Alta,Suave, Campamento Base,100
414,San Gregorio 9,Constantinescu et al. 1998,no,69°58'37'',52°32'16'',7,,Indet.,Indet.,n.r.,n.r.
415,SNGR VE 1,Constantinescu et al. 1998,no,,,n.r.,,Alta,Indet.,n.r.,n.r.
416,SNGR VE2,Constantinescu 2000,no,70°06'06'',52°34'00'',n.r.,,Baja,Indet.,n.r.,n.r.
417,SNGREO 1,com pers. P. Cárdenas 2000,no,70°06'01'',52°34'02'',n.r.,,Alta,Indet.,n.r.,n.r.
418,Caleta Villagrán 1,com pers. P. Cárdenas 2000,no,69°51'16'',52°27'41'',,,Indet.,Indet.,30,15
419,San Isidro 2,com pers. P. Cárdenas 2000,sí,70º59'04'',53º47'08'',1 aprox,,Baja,Suave,500,15
420,San Isidro 3,com pers. P. Cárdenas 2000,sí,70°58'09'',53°44'39'',n.r.,,Alta,Indet.,20,10
421,San Isidro 4,,sí,70°58'11'',53°44'24'',1 aprox,,Baja,Indet.,10,5
422,San Isidro 5,com pers. P. Cárdenas 2000,sí,70°58'07'',53°43'57'',1 aprox,,Alta,Mediana,15,5
423,San Isidro 6,1983,sí,70°58',53°43'42'',n.r.,,Alta,Suave,5,2
424,San Isidro1,1989,sí,70°57'58'',53°43'07'',n.r.,,Baja,Indet.,30,15
425,Punta Baja 1 (SO8),1989,sí,70°58'16'',53°44'51'',no,,Alero y Conchal,,Estratigráfico,50
426,Punta Baja 2 (SO10),,sí,,,n.r.,,Indeterminado,Indet.,Taller Lítico,n.r.
427,Punta Baja 3 (SO9),,sí,,,n.r.,,Indeterminado,Indet.,Campamento,20
428,Punta Baja 4,,no,,,2,,Indet.,Indet.,n.r.,n.r.
429,Rio Grande,com pers. P. Cárdenas 2000,no,,,n.r.,,Indet.,Indet.,n.r.,n.r.
430,Río Grande,Legoupil 1981-82,no,,,n.r.,,Indet.,Indet.,n.r.,n.r.
431,Seno Otway,Legoupil 1981-82,sí,,,n.r.,,Alta,Suave,20,100
432,Seno Otway 1,Legoupil 1981-82,no,71°09'45'',52°48'16'',2,,Indet.,Indet.,n.r.,n.r.
433,Seno Otway 2 (Cabo Prat) ,Legoupil 1981-82,no,,,5,,Indet.,Indet.,n.r.,n.r.
434,Seno Otway 3,Legoupil 1981-82,no,,,1,,Indet.,Indet.,n.r.,n.r.
435,Seno Otway 4,Legoupil 1981-82,no,,,n.r.,,Indet.,Indet.,n.r.,n.r.
436,Seno Otway 5 (Cabo Camden), Legoupil 1980,no,,,n.r.,,Indet.,Indet.,n.r.,n.r.
437,Seno Otway 6,Ocampo et al. 1998a,no,,,1,,Indet.,Indet.,n.r.,n.r.
438,Seno Otway 7,Ocampo et al. 1998a,sí,,,n.r.,,Bosque,Indet.,Taller Lítico, Campamento
439,Bahía Felipe 12,Ocampo et al. 1998a,no,,,n.r.,,Indet.,Plano,10,20
440,Bahía Felipe 13,Ocampo et al. 1998a,no,69°47'30'',52°48'49'',n.r.,,Alta,Suave, Taller Lítico,50
441,Bahía Felipe 14,Ocampo et al. 1998a,no,69°48'51'',52°48'10'',n.r.,,Alta,Suave,30,10
442,Bahía Felipe 15,Ocampo et al. 1998a,no,69°49'21'',52°47'51'',n.r.,,Alta,Suave,60,40
443,Bahía Felipe 16,Ocampo et al. 1998a,no,69°49'37'',52°47'44'',n.r.,,Alta,Suave,Campamento Efímero,60
444,Bahía Felipe 17,Ocampo et al. 1998a,no,69°49'45'',52°47'35'',n.r.,,Alta,Plano,n.r.,n.r.
445,Bahía Felipe 18,Ocampo et al. 1998a,no,69°49'47'',52°47'33'',n.r.,,Alta,Indet.,n.r.,n.r.
446,Bahía Felipe 19,Ocampo et al. 1998a,no,69°50'01'',52°47'25'',n.r.,,Alta,Indet., Campamento Base,n.r.
447,Bahía Felipe 20,Stehberg 1996,no,69°50'10'',52°47'20'',n.r.,,Alta,Indet., Campamento Base,n.r.
448,Chenque de Bahía Felipe,Stehberg 1996,no,69°49'04'',52°47'05'',n.r.,,Alta,Plano,n.r.,n.r.
449,Bahía Gente Grande 1,Stehberg 1996,no,69°49'54'',52°47'16'',n.r.,,Indet.,Suave,5,5
450,Bahía Gente Grande 10,Stehberg 1996,no,,,n.r.,,Indet.,Suave,40,5
451,Bahía Gente Grande 11,Stehberg 1996,no,,,n.r.,,Indet.,Indet.,10,5
452,Bahía Gente Grande 12,Stehberg 1996,no,,,n.r.,,Indet.,Plano,30,10
453,Bahía Gente Grande 13,Stehberg 1996,no,,,n.r.,,Indet.,Suave,15,5
454,Bahía Gente Grande 14,Stehberg 1996,no,,,n.r.,,Indet.,Suave,80,20
455,Bahía Gente Grande 15,Stehberg 1996,no,,,n.r.,,Indet.,Suave,10,5
456,Bahía Gente Grande 17,Stehberg 1996,no,,,30,,Indet.,Suave, Campamento Base,40
457,Bahía Gente Grande 18,Stehberg 1996,no,,,n.r.,,Indet.,Plano, Campamento Base,n.r.
458,Bahía Gente Grande 19,Stehberg 1996,no,,,10,,Indet.,Suave,100,10
459,Bahía Gente Grande 2,Stehberg 1996,no,,,18,,Indet.,Suave,20,15
460,Bahía Gente Grande 20,Stehberg 1996,no,,,30,,Indet.,Plano, Campamento Base,100
461,Bahía Gente Grande 21,Stehberg 1996,no,,,n.r.,,Indet.,Suave,20,10
462,Bahía Gente Grande 3,Stehberg 1996,no,,,15,,Indet.,Plano,20,30
463,Bahía Gente Grande 4,Stehberg 1996,no,,,20,,Indet.,Indet.,3,10
464,Bahía Gente Grande 5,Stehberg 1996,no,,,16,,Indet.,Plano,5,5
465,Bahía Gente Grande 7,Stehberg 1996,no,,,18,,Indet.,Plano,150,30
466,Bahía Gente Grande 8,,no,,,n.r.,,Indet.,Suave,6,3
467,Bahía Gente Grande 9,1968,no,,,n.r.,,Indet.,Suave,20,5
468,Bloque del Guanaco,1968,sí,,,n.r.,,Baja,Mediana,2,8
469,Hotel Ba. Inútil o Santos 1, et al. 1972,sí,69°29'03'',53°34'40'',53°20'56'',,Planicie,,n.r.,Taller Lítico
470,Hotel Ba. Inútil o Santos 2,Massone 1999,sí,,,53°20'57'',,,,n.r.,Campamento Base
471,Marazzi 1,Mssone y Jackson 1998,sí,,,53°28'19'',,,,Estratigráfico,200
472,Mile 8,Massone 1999,no,,,n.r.,,Indet.,Indet.,9,4
473,Myren 1,,sí,,,n.r.,,Indeterminado,Indet.,Campamento Base, Funerario
474,Myren 2,,no,,,n.r.,,Indet.,Indet.,n.r.,n.r.
475,Poza de los Erizos,Ocampo et al. 1995,no,,,3,,Indet.,Indet.,200,50
476,Cabo San Vicente,,no,,,4,,Indet.,Indet.,4000,n.r.
477,B V1,,no,,,n.r.,,Indet.,Indet.,1,0
478,BO3,,no,69°55'51'',54°05'43'',n.r.,,Baja,Indet.,n.r.,n.r.
479,BO4,,no,,,n.r.,,Baja,Indet.,n.r.,n.r.
480,BO5,,no,,,n.r.,,Alta,Indet.,n.r.,n.r.
481,BO6, Urrejola 1971,no,,,n.r.,,Baja,Indet.,n.r.,n.r.
482,BO7,,sí,,,n.r.,,Alta,Suave,40,150
483,BO2,,,70°04'42'',53°26'23'',70°07'57'',,,Baja,Campamento Base,40
484,Corral de Pesca 1,,sí,,,0,,Media,Plano,70,70
485,Corral de Pesca 2,,sí,69°51'25'',53°40'12'',0,,Media,Plano,100,100
486,Corral de Pesca 3,,sí,69°51'25'',53°40'14'',0,,Media,Plano,200,80
487,Caleta María,,sí,69°46'35'',53°40'00'',2,,Alta,Suave,150,30
488,Camino 1,,sí,70°07'07'',53°44'39'',1,,Alta,Mediana,10,20
489,Camino 2,,sí,70°10'09'',53°47'57'',2,,Alta,Suave, Funerario,20
490,Camino 3,,sí,70°10'06'',53°47'36'',8,,Alta,Suave,50,20
491,Camino 4,,sí,70°07'57'',53°45'17'',8,,Alta,Suave,50,10
492,Camino 5,,sí,70°07'56'',53°44'59'',n.r.,,Alta,Suave,60,30
493,Camino 6,Ocampo et al. 1995,sí,70°07'55'',53°44'50'',34,,Alta,Mediana,50,10
494,Puente Viejo,Ocampo et al. 1995,sí,70°07'51'',53°44'46'',n.r.,,Alta,Mediana,20,20
495,S.C 2,,no,70°09'07'',53°46'08'',10 a 15,,Baja,Indet.,n.r.,n.r.
496,CHPE 1,,no,70°03'10'',54°02'28'',n.r.,,Baja,Indet.,n.r.,n.r.
497,La 10,,sí,68°43'25'',54°11'15'',n.r.,,Media,Mediana, Campamento Efímero,70
498,La 11,,sí,68°43'23'',53°08'41'',55,,Media,Mediana, Campamento Efímero,40
499,La 12,,sí,68°42'32'',53°08'14'',n.r.,,Baja,Suave,4,4
500,La 13,,sí,68°43'50'',53°08'26'',n.r.,,Baja,Suave,20,100
501,La 15,,sí,68°41'43'',53°07'53'',n.r.,,Media,Suave,20,60
502,La 17,,sí,68°45'33'',53°09'45'',n.r.,,Alta,Suave, Campamento Efímero,20
503,La 19,,sí,68°42'14'',53°08'32'',n.r.,,Media,Marcada, Campamento Efímero,15
504,La 21,,sí,68°41'48'',53°08'09'',n.r.,,Baja,Marcada, Campamento Efímero,20
505,La 22,,sí,68°44'02'',53°08'51'',n.r.,,Media,Mediana,100,50
506,La 24,,sí,68°39'17'',53°07'49'',n.r.,,Media,Mediana, Cantera Taller,150
507,La 25,,sí,68°39'38'',53°07'43'',n.r.,,Media,Suave, Campamento Efímero,20
508,La 26,,sí,68°40'42'',53°07'48'',n.r.,,Media,Suave, Campamento Efímero,10
509,La 27,,sí,68°39'47'',53°08'00'',n.r.,,Alta,Marcada,80,30
510,La 5,,sí,68°40'36'',53°07'38'',n.r.,,Alta,Suave, Campamento Efímero,200
511,La 6,,sí,68°44'36'',53°08'34'',n.r.,,Media,Suave, Campamento Efímero,10
512,La 7,,sí,68°42'28'',53°08'37'',74,,Alta,Mediana, Campamento Efímero,50
513,La 8,Ocampo et al. 1995,sí,68°42'45'',53°08'15'',n.r.,,Media,Mediana, Campamento Efímero,30
514,La 9,,sí,68°42'52'',53°08'20'',n.r.,,Baja,Suave,10,40
515,CV 1,,no,68°41'39'',53°08'02'',n.r.,,Indet.,Indet.,n.r.,n.r.
516,Ensenada Alakaluf,,no,68°42'28'',54°11'01'',n.r.,,Indet.,Indet.,3,3
517,Puerto Cuchillo,,no,,,n.r.,,Baja,Indet.,n.r.,n.r.
518,Punta Canoa 1 ,Ocampo et al. 1995,no,,,n.r.,,Media,Plano,n.r.,n.r.
519,Punta Canoa 2,Ocampo et al. 1995,no,,,n.r.,,Indet.,Indet.,n.r.,n.r.
520,Cueva Sepulcral 1,Ocampo et al. 1995,no,,,15,,Alta,Plano,n.r.,n.r.
521,BAG 1,Ocampo et al. 1995,no,70°04'20'',54°04'50'',n.r.,,Indet.,Indet.,n.r.,n.r.
522,BAG 2,Ocampo et al. 1995,no,69°03'49'',54°08'20'',n.r.,,Alta,mediana,n.r.,n.r.
523,L M13,Ocampo et al. 1995,no,69°03'06'',54°07'43'',n.r.,,Indet.,marcada, Taller Lítico,n.r.
524,Lago Blanco 1,Ocampo et al. 1995,sí,69°00'25'',54°05'37'',n.r.,,Baja,Suave,20,30
525,LB X,Ocampo et al. 1995,no,68°57'21'',54°04'04'',n.r.,,Indet.,Indet.,n.r.,n.r.
526,LB X2,Ocampo et al. 1995,no,68°58'31'',54°06'39'',n.r.,,Indet.,Indet., Taller Lítico,n.r.
527,Lg M10,Ocampo et al. 1995,no,68°56'39'',54°04'16'',n.r.,,Indet.,Indet., Taller Lítico,n.r.
528,Lg M11,Ocampo et al. 1995,no,70°48'32'',52°56'54'',n.r.,,Indet.,Indet., Taller Lítico,n.r.
529,Lg M12,Ocampo et al. 1995,no,69°00'25'',54°05'37'',n.r.,,Indet.,Indet., Taller Lítico,n.r.
530,Lg M14,Ocampo et al. 1995,no,70°48'32'',52°56'54'',n.r.,,Indet.,mediana,n.r.,n.r.
531,Lg M15,Ocampo et al. 1995,no,68°58'59'',54°05'01'',n.r.,,Baja,Indet.,6,5
532,Lg M16,Ocampo et al. 1995,no,68°58'38'',54°04'54'',n.r.,,Indet.,Indet., Taller Lítico,n.r.
533,Lg M18,Ocampo et al. 1995,no,68°58'58'',54°04'49'',n.r.,,Indet.,Indet.,n.r.,n.r.
534,Lg M19,Ocampo et al. 1995,no,68°58'40'',54°04'43'',n.r.,,Indet.,Indet., Campamento Base,n.r.
535,Lg M20,Ocampo et al. 1995,no,68°58'06'',54°04'35'',n.r.,,Indet.,Indet., Taller Lítico,n.r.
536,Lg M3,Ocampo et al. 1995,no,68°57'45'',54°04'26'',n.r.,,Indet.,Indet.,n.r.,n.r.
537,Lg M4,Ocampo et al. 1995,no,69°02'41'',54°06'55'',n.r.,,Indet.,marcada,n.r.,n.r.
538,Lg M5,Ocampo et al. 1995,no,69°02'20'',54°06'38'',n.r.,,Indet.,mediana,n.r.,n.r.
539,Lg M6,Ocampo et al. 1995,no,69°02'11'',54°06'34'',n.r.,,Indet.,Indet.,200,n.r.
540,Lg M7,Ocampo et al. 1995,no,69°01'52'',54°06'34'',n.r.,,Indet.,Indet.,n.r.,n.r.
541,Lg M8,Ocampo et al. 1995,no,69°01'31'',54°06'28'',n.r.,,Indet.,Indet., Taller Lítico,n.r.
542,Lg M9,Ocampo et al. 1995,no,69°01'08'',54°06'02'',n.r.,,Baja,Indet.,80,20
543,LD1,Ocampo et al. 1995,no,69°00'54'',54°05'50'',n.r.,,Indet.,Indet.,10,12
544,CAT1,Ocampo et al. 1995,no,68°45'48'',54°23'26'',n.r.,,Alta,Suave,n.r.,n.r.
545,PED 1,,no,68°47'11'',54°08'32'',n.r.,,Alta,Indet.,n.r.,n.r.
546,PED 2,,no,68°46'33'',54°09'27'',n.r.,,Indet.,Indet.,n.r.,n.r.
547,BO1,,sí,68°46'45'',54°08'55'',3,,Alta,Suave,n.r.,15
548,BO3,,sí,70°10'15'',53°27'38'',n.r.,,Baja,Mediana,30,10
549,Caleta Josefina,Ocampo et al. 1998a,no,70°10'47'',53°27'47'',n.r.,,Indet.,Indet.,30,20
550,Cañadón de Caleta Josefina,Ocampo et al. 1995,no,,,n.r.,,Indet.,Indet.,30,300
551,Paraguaya 6,Ocampo et al. 1995,no,,,n.r.,,Alta,Plano,100,50
552,C1,Ocampo et al. 1995,sí,68°53'56'',52°53'56'',n.r.,,Baja,Suave,5,5
553,C2,Ocampo et al. 1995,sí,70°04'27'',53°59'39'',10,,Alta,Plano,10,7
554,PA 1,Ocampo et al. 1995,no,70°04'50'',53°59'52'',5,,Media,Indet.,n.r.,1
555,PA 10,Ocampo et al. 1995,no,70°03'36'',54°04'28'',n.r.,,Alta,Indet.,n.r.,n.r.
556,PA 11,Ocampo et al. 1995,no,70°02'29'',54°03'27'',n.r.,,Alta,Indet.,n.r.,n.r.
557,PA 12,Ocampo et al. 1995,no,70°02'34'',54°03'32'',15,,Baja,Indet.,n.r.,n.r.
558,PA 2,Ocampo et al. 1995,no,70°02'46'',54°03'48'',10,,Indet.,Indet.,n.r.,n.r.
559,PA 3,Ocampo et al. 1995,no,70°03'24'',54°04'29'',5,,Baja,Indet.,25,32
560,PA 4,Ocampo et al. 1995,no,70°03'17'',54°04'31'',2,,Indet.,Indet.,n.r.,n.r.
561,PA 5,Ocampo et al. 1995,no,70°01'31'',54°05'40'',5,,Indet.,Indet.,n.r.,n.r.
562,PA 6B,Ocampo et al. 1995,sí,70°03'29'',54°04'12'',3,,Nula,Suave,35,25
563,PA 6C,Ocampo et al. 1995,sí,70°02'28'',54°04'03'',8,,Baja,Suave,n.r.,n.r.
564,PA 8,Ocampo et al. 1995,no,70°02'23'',54°04'07'',3,,Alta,mediana,45,10
565,PA 9,Ocampo et al. 1995,no,70°03'06'',54°02'53'',n.r.,,Alta,Indet.,n.r.,n.r.
566,PA0,,sí,70°02'37'',54°03'21'',5,,Alta,Suave,20,20
567,PA7,,sí,70°03'04'',54°03'48'',2,,Alta,Suave,25,6
568,Puerto Arturo 43,,sí,70°02'37'',54°03'57'',3,,Alta,Indet.,2,3
569,Puerto Arturo 44,,sí,70°07'40'',53°56'44'',n.r.,,Alta,Suave,10,5
570,Puerto Arturo 45,,sí,70°07'50'',53°56'27'',2,,Alta,Mediana,150,100
571,Puerto Yartou 1,,sí,70°08'18'',53°55'43'',n.r.,,Alta,Mediana,50,50
572,Puerto Yartou 2,,sí,70°08'49'',53°53'40'',2,,Alta,Mediana,3,3
573,Puerto Yartou 3,,sí,70°08'27'',53°53'14'',6,,Baja,Suave,50,30
574,Puerto Yartou 4,,sí,70°08'49'',53°52'45'',n.r.,,Alta,Suave,10,5
575,Puerto Yartou 5,,sí,70°09'17'',53°52'31'',4,,Alta,Mediana,3,2
576,Puerto Yartou 6,Ocampo et al. 1998a,sí,70°09'42'',53°51'07'',2,,Alta,Marcada,20,5
577,Puerto Yartou 7,Ocampo et al. 1998a,sí,70°10'15'',53°50'18'',6,,Media,Marcada,3,2
578,Catalina Sur 1,1967,no,70°10'25'',53°49'53'',n.r.,,Indet.,Indet.,n.r.,n.r.
579,Catalina Sur 2,,no,68°36'26'',52°46'31'',n.r.,,Indet.,Suave,n.r.,n.r.
580,Dernier Campament Ona,Ocampo et al. 1995,sí,68°36'32'',52°46'34'',n.r.,,Indeterminado,Indeterminado,70,Taller Lítico
581,Punta Catalina 2,Ocampo et al. 1995,sí,,,4,,Alta,Suave,100,100
582,L2C2,,sí,68°43'52'',52°34'43'',69°55'42'',,Bosque,Indet.,Campamento,n.r.
583,Lote 2 Camino 1,,sí,,,69°55'37'',,Bosque,Alta,Campamento Efímero,70
584,Río Caleta 1,,sí,,,6,,Alta,Mediana,10,3
585,Río Caleta 2,Ocampo et al. 1995,sí,70°10'27'',53°49'48'',6,,Alta,Suave,25,10
586,Río Caleta 3,Ocampo et al. 1995,sí,70°10'20'',53°49'09'',10,,Media,Mediana,2,2
587,RC 2,Ocampo et al. 1995,no,70°10'12'',53°49'01'',n.r.,,Media,Plano,5,10
588,RC 2.1,Ocampo et al. 1995,no,70°05'28'',53°58'13'',n.r.,,Baja,mediana,70,4
589,RC 2.2,Ocampo et al. 1995,no,70°01'10'',53°58''00'',n.r.,,Indet.,marcada,n.r.,2
590,RC 2.3,Ocampo et al. 1995,no,70°00'11'',53°58'10'',n.r.,,Baja,Indet.,n.r.,n.r.
591,RC 2.4,Ocampo et al. 1995,no,70°01'50'',53°57'34'',n.r.,,Indet.,Indet., Taller Lítico,n.r.
592,RC 2.6,Ocampo et al. 1995,no,69°52'59'',53°59'27'',n.r.,,Indet.,Indet.,n.r.,n.r.
593,RC 2.7,Ocampo et al. 1995,no,69°52'19'',53°59'21'',n.r.,,Indet.,Indet.,n.r.,n.r.
594,RC 2.8,Ocampo et al. 1995,no,69°54'54'',53°59'20'',n.r.,,Indet.,marcada,n.r.,n.r.
595,RC 3,Ocampo et al. 1995,no,69°58'38'',53°58'21'',n.r.,,Media,Suave,Campamento Efímero,3
596,RC 4,Ocampo et al. 1995,no,70°03'42'',53°57'39'',n.r.,,Media,Suave,2,10
597,RC 5,Ocampo et al. 1995,no,70°03'32'',53°57'34'',n.r.,,Media,Plano,2,70
598,RC 7,Ocampo et al. 1995,no,70°02'54'',53°57'33'',n.r.,,Baja,Suave,5,10
599,S.C 1,Ocampo et al. 1995,no,70°48'32'',52°56'54'',6,,Alta,Indet.,33,8
600,S.C 3,Ocampo et al. 1995,no,70°03'21'',54°02'37'',3,,Alta,Indet.,n.r.,n.r.
601,S.C 4,Ocampo et al. 1995,no,70°03'19'',54°02'32'',5,,Indet.,Indet.,n.r.,n.r.
602,AAA 1,Ocampo et al. 1995,no,70°03'45'',54°01'11'',n.r.,,Media,Suave,99,100
603,AAA 2,Ocampo et al. 1995,no,70°07'38'',53°56'45'',n.r.,,Indet.,Indet.,n.r.,n.r.
604,AAA 3,Ocampo et al. 1995,no,70°08'15'',53°55'26'',n.r.,,Indet.,Indet.,n.r.,n.r.
605,AAA 4,Constantinescu  1998,no,70°08'16'',53°54'32'',n.r.,,Indet.,Indet.,n.r.,n.r.
606,AAA 5,,no,70°08'43'',53°53'41'',n.r.,,Indet.,Indet.,n.r.,n.r.
607,A-8,,no,70°08'48'',53°53'46'',n.r.,,Indet.,Indet.,n.r.,n.r.
608,Marazzi  10,,no,,,n.r.,,Media,Indet.,n.r.,n.r.
609,Marazzi  11,,no,,,n.r.,,Alta,Indet.,n.r.,n.r.
610,Marazzi  12,Morello y San Román 1998,no,,,n.r.,,Baja,Indet.,n.r.,n.r.
611,Marazzi  13,,no,,,n.r.,,Baja,Indet.,n.r.,n.r.
612,Marazzi  14,,no,,,n.r.,,Baja,Indet.,n.r.,n.r.
613,Marazzi  15,,no,,,n.r.,,Baja,Indet.,n.r.,n.r.
614,Marazzi  16,,no,,,n.r.,,Baja,Indet.,n.r.,n.r.
615,Marazzi  17,,no,,,n.r.,,Alta,Indet.,n.r.,n.r.
616,Marazzi  18, Morello et al 1998,no,,,n.r.,,Baja,Indet.,n.r.,n.r.
617,Marazzi  19,1997,no,,,n.r.,,Media,Indet.,n.r.,n.r.
618,Marazzi  2 (Río Torcido),,sí,,,51°31'34'',,Terraza  1 y 2,Indeterminado,85,Campamento Base
619,Marazzi  20, Massone 1997,,,,n.r.,,Indeterminado,Baja,Campamento Efímero,n.r.
620,Marazzi  21,,no,,,n.r.,,Baja,Indet.,n.r.,n.r.
621,Marazzi  3,,sí,,,53°28'35'',,Paleoplaya Marina,Indeterminado,80,Taller Lítico
622,Marazzi  5, Morello et al 1999 ,no,,,n.r.,,Alta,Indet.,n.r.,n.r.
623,Marazzi  6,,no,,,n.r.,,Alta,Indet.,n.r.,n.r.
624,Marazzi  7,,,,,69°17'36'',,Indeterminado,Alta,Taller Lítico,n.r.
625,Marazzi  8,,no,,,n.r.,,Baja,Indet.,n.r.,n.r.
626,Marazzi  9,,no,,,n.r.,,Baja,Indet.,n.r.,n.r.
627,Marazzi 22,,no,,,n.r.,,Indet.,Indet.,n.r.,n.r.
628,Marazzi 23,,no,69°28'15'',53°28'35'',n.r.,,Indet.,Indet.,n.r.,n.r.
629,Marazzi 24,,no,69°17'52'',53°18'12'',n.r.,,Indet.,Indet.,n.r.,n.r.
630,Marazzi 25,,no,69°18'30'',53°27'36'',n.r.,,Indet.,Indet.,n.r.,n.r.
631,Marazzi 26,,no,69°18'29'',53°27'30'',n.r.,,Indet.,Indet.,n.r.,n.r.
632,Marazzi 27,,no,69°18'32'',53°27'23'',n.r.,,Indet.,Indet.,n.r.,n.r.
633,Marazzi 28,,no,69°18'36'',53°27'08'',n.r.,,Indet.,Indet.,n.r.,n.r.
634,Marazzi 29, Morello et al. 1999,no,69°18'56'',53°26'15'',n.r.,,Indet.,Indet.,n.r.,n.r.
635,Marazzi 30,,no,69°18'21'',53°28'11'',n.r.,,Indet.,Indet.,n.r.,n.r.
636,Marazzi 31, Morello et al. 1999,,69°18'24'',53°28'02'',69°18'29'',,Indeterminado,Indet.,Campamento Base,n.r.
637,Marazzi 32, Morello et al. 1999,no,53°27'53'',,n.r.,,Indet.,Indet.,n.r.,n.r.
638,Marazzi 33, Morello et al. 1999,,69°18'32'',53°27'46'',69°18'13'',,Indeterminado,Indet.,Campamento Base,n.r.
639,Marazzi 34,,,53°28'11'',,69°18'25'',,Indeterminado,Indet.,Campamento Base,n.r.
640,Marazzi 35,,,53°28'17'',,69°18'27'',,Indeterminado,Indet.,Campamento Efímero,n.r.
641,Marazzi 36,,no,53°28'19'',,n.r.,,Indet.,Indet.,n.r.,n.r.
642,Marazzi 37,,no,69°18'27'',53°28'25'',n.r.,,Indet.,Indet.,Campamento Efímero,n.r.
643,Marazzi 38,,no,69°18'16'',53°28'23'',n.r.,,Indet.,Indet.,n.r.,n.r.
644,Marazzi 4,,no,,,n.r.,,Media,Indet.,n.r.,n.r.
645,Timaukel 1,,sí,,,37,,Alta,Plano, Campamento Base,50
646,Timaukel 2,,sí,69°55'06'',53°41'07'',5,,Baja,Mediana,n.r.,4
647,Timaukel 3,  et al. 1993,sí,69°55'20'',53°41'13'',4,,Media,Suave,20,80
648,Timaukel 4,Morello et al. 1997,sí,69°55'33'',53°41'15'',6,,Media,Suave, Taller Lítico, Funerario
649,Tres Arroyos 1,,sí,69°55'58'',53°41'41'',,,n.r.,Cueva,Nucleado,Estratigráfico
650,Tres Arroyos 10,,no,,,110,,Indet.,Indet.,5,5
651,Tres Arroyos 11,,no,,,100,,Indet.,Indet.,3,2
652,Tres Arroyos 12,Prieto et al 1997,no,,,95,,Indet.,Indet.,3,2
653,Tres Arroyos 13,,no,,,85,,Indet.,Indet.,4,1
654,Tres Arroyos 14 y 14(30),,no,,,115 a 70,,Indet.,Mediana,200,400
655,Tres Arroyos 15,Morello et al. 1997,no,,,110,,Indet.,Indet.,3,2
656,Tres Arroyos 17,,no,,,n.r.,,Indet.,Indet.,n.r.,n.r.
657,Tres Arroyos 18,,no,,,n.r.,,Indet.,Indet.,n.r.,n.r.
658,Tres Arroyos 2,Morello et al. 1997,no,68°47'46'',53°21'43'',100,,Indet.,Indet.,3,2
659,Tres Arroyos 3,,no,,,100 a 105,,Indet.,Indet.,5,2
660,Tres Arroyos 4,,no,,,116,,Indet.,Indet.,3,10
661,Tres Arroyos 5,,no,68°47'49'',53°21'49'',115,,Indet.,Indet.,7,3
662,Tres Arroyos 6,,no,,,110,,Indet.,Indet.,3,2
663,Tres Arroyos 7,,no,,,114,,Indet.,Indet.,5,6
664,Tres Arroyos 8,Ocampo et al. 1998a,no,,,100,,Indet.,Indet.,4,4
665,Tres Arroyos 9,Ocampo et al. 1998a,no,,,105,,Indet.,Indet.,2,5
666,Sultana 10,Ocampo et al. 1998a,no,,,154,,Indet.,Plano,2,2
667,Sultana 7,Ocampo et al. 1998a,no,69°06'14'',52°54'13'',n.r.,,Alta,Plano,15,5
668,Sultana 8,,no,68°56'02'',52°54'02'',n.r.,,Indet.,Plano,3,1
669,Sultana 9,Bird en: Curry s/f,no,69°01'38'',52°54'07'',n.r.,,Indet.,Plano,3,3
670,Tres Arroyos 16,Curry s/f,sí,69°02'13'',52°54'08'',n.r.,,Nula,Mediana,50,200
671,Bahía Fatal,Curry s/f,no,68°47'50'',53°20'32'',n.r.,,Indet.,Indet.,n.r.,n.r.
672,Grappler 3,Curry s/f,no,,,n.r.,,Indet.,Indet.,n.r.,n.r.
673,Puerto Horacio,Curry s/f,no,,,n.r.,,Indet.,Indet.,75,n.r.
674,Río Frío 1,Curry s/f,no,,,n.r.,,Indet.,Indet.,9,5
675,Río Frío 2,Legoupil 1994-95,no,,,n.r.,,Indet.,Indet.,3,3
676,Seno Duque de Edimburgo,Jackson 1993,no,,,n.r.,,Indet.,Indet.,n.r.,n.r.
677,Canal White 1, Prieto 1999,no,,,1 a 2,,Indet.,Suave,6,4
678,Abrigo Cerro del Diablo (CB16),Jackson 1993,sí,72°58'58'',52°53'28'',n.r.,,Indeterminado,Indet.,Indeterminado,8
679,Alero Carlos (CB19),1991,no,,,n.r.,,Indet.,Indet.,n.r.,n.r.
680,Alero Cerro Isla (CB17), Borrero et al. 1991,sí,72°37'35'',51°33'22'',72°38'01'',,Indeterminado,Indet.,Arte Rupestre,16
681,Alero del Diablo (CB14),Jackson 1993,sí,,,72°36'13'',,Pradera con Arboles,Media,Indeterminado,12
682,Alero Dos Herraduras (CB08),Jackson 1993,sí,,,51°33'36'',,Cerro,Bosque,n.r.,Campamento Efímero
683,Alero el Paso (CB10),Jackson 1993,sí,,,n.r.,,Baja,Suave,6,30
684,Alero las Cuevas (CB11), Prieto 1999,sí,72°37'39'',51°33'17'',n.r.,,Media,Suave,90,7
685,Alero Norte (CB07),Jackson 1993,sí,72°37'40'',51°33'14'',n.r.,,Alta,Mediana,20,10
686,Alero Ovejas Muertas (CB22), Massone 1982,no,72°37'03'',51°33'44'',n.r.,,Indet.,Indet.,60,9
687,Alero Pedro Cárdenas (CB03),,sí,72°36'21'',51°34'07'',n.r.,,Nula,Suave,7,32
688,Cerro Benitez 1,Jackson 1993,,72°35'10'',51°34'22'',n.r.,,Bosque,Indet.,Arte Rupestre,10
689,Cerro Benitez 3,Jackson 1993,no,,,n.r.,,Indet.,Indet.,20,5
690,Cueva Ciro (CB01),Prieto 1999,sí,,,72°35'12'',,Indeterminado,Indet.,Campamento Efímero,20
691,Cueva Chica (CB02),Jackson y Prieto 1993,sí,,,n.r.,,Media,Mediana,20,50
692,Cueva de la Cascada (CB21),1987,sí,72°35'08'',51°34'15'',n.r.,,Media,Suave,10,15
693,Cueva de la Ventana (CB12), Borrero et al.1991,sí,72°35'15'',51°34'23'',n.r.,,Baja,Mediana,18,11
694,Cueva del Medio (CB04),Jackson 1993,sí,72°37'47'',51°33'15'',sí,,Cueva,Cerro,Estratigráfico,290
695,Cueva del Milodón (CB05), Prieto 1999,sí,,,51°33'54'',,Cerro,Bosque,250,Campamento Base
696,Cueva Escondida (CB13),Jackson 1993,sí,,,72°37'54'',,Indeterminado,Indet.,Campamento Efímero,15
697,Cueva Jorge  (CB20),Jackson 1993,no,,,n.r.,,Indet.,Indet.,n.r.,n.r.
698,Cueva los Bloques (CB09),Jackson 1993,sí,72°37'39'',51°33'19'',n.r.,,Indeterminado,Indet.,Indeterminado,17
699,Cueva los Conglomerados (CB06),Jackson 1993,sí,,,72°37'13'',,Indeterminado,Indet.,Campamento Efímero,20
700,Cueva los Escurrimientos (CB18),com pers. A. Prieto 1998,sí,,,72°38'02'',,Indeterminado,Indet.,Indeterminado,12
701,Cueva Portería (CB15),,sí,,,n.r.,,Alta,Suave,3,8
702,Cerro Castillo 1,,sí,72°35'56'',51°34'41'',n.r.,,Alta,Mediana,30,8
703,Cerro Castillo 2,San Román y Morello 1998,sí,72°20'26'',51°16'23'',n.r.,,Media,Marcada,15,5
704,Cerro Castillo 3,San Román y Morello 1998,sí,72°20'22'',51°16'20'',n.r.,,Media,Mediana,8,6
705,Cerro Guido 1,Bird en: Curry s/f,no,72°20'15'',51°16'15'',n.r.,,Indet.,Indet.,8,8
706,Cerro Guido 2,Bird en: Curry s/f,no,72°28'05'',50°53'23'',n.r.,,Indet.,Indet.,n.r.,n.r.
707,Entrada Gage,,no,72°27'19'',50°53'35'',n.r.,,Indet.,Indet.,6,12
708,Entrada Reindeer,,no,,,n.r.,,Indet.,Indet.,30,30
709,Lago Sarmiento,,no,,,n.r.,,Indet.,Indet.,n.r.,n.r.
710,Lago Sofia 2,,no,72°35',51°01'00'',n.r.,,Indet.,Indet.,100,n.r.
711,Lago Sofia 3,com pers. F. Bate 1998,no,,,n.r.,,Indet.,Indet.,n.r.,n.r.
712,Lago Sofia 4,,no,,,n.r.,,Indet.,Indet.,n.r.,n.r.
713,Lago Toro 1,,sí,,,n.r.,,Media,Marcada,150,50
714,Lago Toro 2,Martinic 1994,sí,72°32'36'',51°08'14'',n.r.,,Media,Marcada,40,15
715,Lago Toro 3,,sí,72°32'37'',51°07'58'',n.r.,,Media,Marcada,100,20
716,Cueva Lago Sofía 1, Sellier 1999,sí,72°32'30'',51°07'43'',149,,Baja,Suave, Funerario,8
717,Lago Sofía 1,Curry s/f,sí,72°34'12'',51°31'54'',141,,Alta,Suave,4,2
718,Abrigo Pintado,Curry s/f,,72°36'55'',51°33'07'',n.r.,,Indeterminado,Indet.,Funerario, Arte Rupestre
719,Conchal del Cementerio,Curry s/f,no,,,n.r.,,Indet.,Indet.,24,15
720,Corral de Pesca,Curry s/f,no,,,n.r.,,Indet.,Indet.,n.r.,n.r.
721,Corral de Pescado,Curry s/f,no,,,n.r.,,Indet.,Indet.,22,9
722,Chorrillos,Curry s/f,no,,,n.r.,,Indet.,Indet.,n.r.,n.r.
723,Isla Harwood,Curry s/f,no,,,n.r.,,Indet.,Indet.,n.r.,n.r.
724,Isla Morton,Curry s/f,no,,,n.r.,,Indet.,Indet.,n.r.,n.r.
725,Isla Salamandra,Curry s/f,no,,,n.r.,,Indet.,Indet.,n.r.,n.r.
726,Oldfield 1,Curry s/f,no,,,n.r.,,Indet.,Indet.,7,7
727,Oldfield 2,Curry s/f,no,,,n.r.,,Indet.,Indet.,n.r.,n.r.
728,Playa del Cementerio,Curry s/f,no,,,n.r.,,Indet.,Indet.,n.r.,n.r.
729,Punta Cormorán,Curry s/f,no,,,n.r.,,Indet.,Indet.,n.r.,n.r.
730,Río Valderez,San Román y Morello 1998,no,,,n.r.,,Indet.,Indet.,n.r.,n.r.
731,Vargas,San Román y Morello 1998,no,,,n.r.,,Indet.,Indet.,n.r.,n.r.
732,Puesto Leona,San Román y Morello 1998,no,,,352,,Indet.,Plano,n.r.,n.r.
733,Río Baguales 1,San Román y Morello 1998,no,72°22'54'',50°52'02'',n.r.,,Media,Plano,15,4
734,Río Baguales 10,San Román y Morello 1998,no,72°25'04'',50°44'02'',751,,Media,Suave,20,10
735,Río Baguales 11,San Román y Morello 1998,no,72°24'45'',50°45'00'',740,,Visibilidad,Pendiente,n.r.,n.r.
736,Río Baguales 12,San Román y Morello 1998,no,72°24'59'',50°45'15'',606,,Alta,Indet.,n.r.,n.r.
737,Río Baguales 13,San Román y Morello 1998,no,72°24'57'',50°45'26'',595,,Alta,Indet.,100,30
738,Río Baguales 14,San Román y Morello 1998,no,72°24'55'',50°45'29'',615,,Alta,Indet.,n.r.,n.r.
739,Río Baguales 15,San Román y Morello 1998,no,72°24'50'',50°45'31'',588,,Alta,Indet.,100,50
740,Río Baguales 16,San Román y Morello 1998,no,72°24'52'',50°46'10'',545,,Alta,Indet.,40,30
741,Río Baguales 17,San Román y Morello 1998,no,72°24'49'',50°46'11'',597,,Alta,Indet.,30,20
742,Río Baguales 18,San Román y Morello 1998,no,72°24'56'',50°46'14'',675,,Alta,Indet.,10,10
743,Río Baguales 19,San Román y Morello 1998,no,72°24'51'',50°46'15'',705,,Media,Suave,n.r.,n.r.
744,Río Baguales 2,San Román y Morello 1998,no,72°24'46'',50°46'19'',932,,Alta,Indet.,10,12
745,Río Baguales 20,San Román y Morello 1998,no,72°22'07'',50°41'57'',620,,Alta,Indet.,n.r.,n.r.
746,Río Baguales 21,San Román y Morello 1998,no,72°24'34'',50°46'25'',535,,Alta,Indet.,n.r.,n.r.
747,Río Baguales 22,San Román y Morello 1998,no,72°25'26'',50°46'59'',n.r.,,Indet.,Indet.,n.r.,n.r.
748,Río Baguales 23,San Román y Morello 1998,no,72°25'31'',50°47'00'',460,,Indet.,Mediana,10,10
749,Río Baguales 24,San Román y Morello 1998,no,72°24'37'',50°47'05'',789,,Indet.,Suave,n.r.,n.r.
750,Río Baguales 25,San Román y Morello 1998,no,72°24'32'',50°47'11'',609,,Indet.,Marcada,25,30
751,Río Baguales 26,San Román y Morello 1998,no,72°24'38'',50°47'29'',660,,Indet.,Mediana,n.r.,n.r.
752,Río Baguales 27,San Román y Morello 1998,no,72°24'44'',50°48'07'',639,,Indet.,Suave,n.r.,n.r.
753,Río Baguales 28,San Román y Morello 1998,no,72°24'06'',50°48'51'',316,,Indet.,Suave,n.r.,n.r.
754,Río Baguales 29,San Román y Morello 1998,no,72°24'07'',50°49'02'',370,,Indet.,Plano,n.r.,n.r.
755,Río Baguales 3,San Román y Morello 1998,no,72°24'02'',50°49'12'',903,,Indet.,Mediana,n.r.,n.r.
756,Río Baguales 30,San Román y Morello 1998,no,73°30'34'',50°43'32'',351,,Indet.,Suave,300,100
757,Río Baguales 31,San Román y Morello 1998,no,72°24'01'',50°49'22'',382,,Indet.,Mediana,n.r.,n.r.
758,Río Baguales 32,San Román y Morello 1998,no,72°23'37'',50°50'39'',302,,Indet.,Suave,n.r.,n.r.
759,Río Baguales 33,San Román y Morello 1998,no,72°23'38'',50°50'59'',560,,Indet.,Indet.,80,100
760,Río Baguales 34,San Román y Morello 1998,no,72°23'33'',50°52'05'',494,,Indet.,Suave,n.r.,n.r.
761,Río Baguales 35,San Román y Morello 1998,no,72°22'40'',50°52'04'',493,,Alta,Indet.,n.r.,n.r.
762,Río Baguales 36,San Román y Morello 1998,no,72°22'30'',50°52'06'',455,,Indet.,Mediana,n.r.,n.r.
763,Río Baguales 37,San Román y Morello 1998,no,72°22'24'',50°52'11'',335,,Indet.,Marcada,n.r.,n.r.
764,Río Baguales 38,San Román y Morello 1998,no,72°22'11'',50°52'17'',n.r.,,Indet.,Mediana,n.r.,n.r.
765,Río Baguales 4,San Román y Morello 1998,no,72°21'16'',50°52'50'',773,,Indet.,Mediana,15,5
766,Río Baguales 5,San Román y Morello 1998,no,72°24'46'',50°44'06'',701,,Indet.,Suave,30,10
767,Río Baguales 6,San Román y Morello 1998,no,72°24'46'',50°44'08'',750,,Indet.,Suave,5,5
768,Río Baguales 7,San Román y Morello 1998,no,72°24'44'',50°44'11'',870,,Indet.,Mediana,80,8
769,Río Baguales 8,San Román y Morello 1998,no,72°24'28'',50°43'50'',707,,Indet.,Plano,200,10
770,Río Baguales 9,San Román y Morello 1998,no,72°24'44'',50°44'16'',707,,Indet.,Plano,35,20
771,Río Bandurrias 1,San Román y Morello 1998,no,72°25'01'',50°44'59'',n.r.,,Indet.,Marcada,10,30
772,Río Bandurrias 2,San Román y Morello 1998,no,72°26',50°42'13'',n.r.,,Indet.,Mediana,20,6
773,Río Bandurrias 3,San Román y Morello 1998,no,72°25'30'',50°42'45'',n.r.,,Indet.,Mediana,15,2
774,Río Bandurrias 4,San Román y Morello 1998,no,72°25'03'',50°42'58'',727,,Indet.,Suave,20,5
775,Río Bandurrias 5,com pers. H. Rohers,no,72°24'53'',50°43'56'',660,,Indet.,Mediana,n.r.,n.r.
776,Río Bandurrias 6,,no,72°24'51'',50°43'59'',785,,Indet.,Suave,150,15
777,Río Hollemberg 1,com pers. H. Rohers,sí,72°24'42'',50°43'56'',6,,Indet.,Suave,200,150
778,Río Serrano,com pers. H. Rohers,no,72°26'56'',52°54'30'',n.r.,,Alta,Indet.,n.r.,n.r.
779,Cerro Negro 1,Prieto 1992,sí,72°59',51°13'00'',n.r.,,Alta,Indet.,200,80
780,Cerro Negro 2,Prieto 1992,sí,72°28'54'',51°05'09'',n.r.,,Alta,Indet.,n.r.,n.r.
781,Administración 1,Prieto 1992,sí,72°28'55'',51°04'56'',n.r.,,Alta,Indet.,5,5
782,Barranca del Río Grey,Prieto 1992,no,72°57'17'',51°10'29'',n.r.,,Alta,Suave,30,15
783,Camino al Río Grey,,sí,,,n.r.,,Bosque,Indet.,Indeterminado,n.r.
784,Cerro Divisadero,,no,,,n.r.,,Alta,Mediana,n.r.,n.r.
785,Lago Sarmiento 1,Prieto 1992,sí,,,219,,Baja,Suave,1,25
786,Lago Sarmiento 2,Prieto 1992,sí,72°48'17'',51°01'10'',257,,Indet.,Suave,2,8
787,Laguna Amarga (S. 8),Prieto 1992,sí,72°47'41'',51°01'05'',n.r.,,Indet.,Suave,200,20
788,Laguna Amarga (S.9),Prieto 1992,sí,72°43'52'',50°58'17'',n.r.,,Indet.,Suave,150,100
789,Laguna Azul (S. 13),Prieto 1992,sí,72°46'03'',50°58'37'',n.r.,,Indet.,Suave,15,5
790,Laguna Azul (S. 14),Prieto 1992,sí,72°48'46'',50°54'05'',n.r.,,Indet.,Suave,n.r.,n.r.
791,Laguna de las Pómez,Prieto 1992,no,72°44'15'',50°52'24'',n.r.,,Indet.,Suave,n.r.,n.r.
792,Laguna de los Cisnes (S. 11),Prieto 1992,sí,,,n.r.,,Indet.,Suave,40,10
793,Laguna de los Choros,,no,72°52'16'',51°01'49'',n.r.,,Indet.,Suave,n.r.,n.r.
794,Laguna Larga (S. 10),Prieto 1992,sí,,,n.r.,,Indet.,Suave,15,20
795,Portería Sarmiento 3,Prieto 1992,sí,72°52'45'',51°01'07'',256,,Indet.,Mediana,1,1
796,Puente del río Grey,Prieto 1992,sí,72°47'19'',51°01'01'',n.r.,,Indet.,Mediana,100,50
797,Río Serrano 1,,no,73°00'38'',51°11'05'',n.r.,,Indet.,Mediana,20,10
798,Río Serrano 2,,no,,,n.r.,,Indet.,Suave,n.r.,n.r.
